PRICE,LOCATION,UPDATE
PKR1.6 Crore,"Deenpur Sharif, Bahawalnagar",Added: 4 weeks ago
PKR2.3 Crore,"Model Town, Bahawalnagar",Added: 2 months ago
PKR75 Lakh,"Bahawalnagar Bypass, Bahawalnagar",Added: 11 months ago
PKR75 Lakh,"Model Town, Bahawalnagar",Added: 11 months ago
PKR72 Lakh,"Chishtian Road, Bahawalnagar",Added: 12 months ago
PKR72 Lakh,"Chishtian Road, Bahawalnagar",Added: 12 months ago
PKR72 Lakh,"Chishtian Road, Bahawalnagar",Added: 12 months ago
PKR72 Lakh,"Chishtian Road, Bahawalnagar",Added: 12 months ago
PKR72 Lakh,"Farooq Abad, Bahawalnagar",Added: 12 months ago
PKR75 Lakh,"Bahawalnagar Bypass, Bahawalnagar",Added: 9 months ago
PKR80 Lakh,"Faisal Colony, Bahawalnagar",Added: 15 months ago
PKR45 Lakh,"Millat Colony, Bahawalnagar",Added: 24 months ago
PKR35 Lakh,"Bahawalnagar Bypass, Bahawalnagar",Added: 49 months ago
PKR55 Lakh,"Millat Colony, Bahawalnagar",Added: 25 months ago
PKR50 Lakh,"Police Line Road, Bahawalnagar",Added: 32 months ago
PKR60 Lakh,"Haroonabad Road, Fort Abbas",Added: 34 months ago
PKR35 Lakh,"Others, Bahawalnagar",Added: 38 months ago
PKR35 Lakh,"Dahranwala, Bahawalnagar",Added: 35 months ago
PKR40 Lakh,"Amir Kot, Bahawalnagar",Added: 50 months ago
PKR27 Lakh,"Millat Colony, Bahawalnagar",Added: 24 months ago
PKR70 Lakh,"Millat Colony, Bahawalnagar",Added: 24 months ago
PKR27 Lakh,"Haroonabad Bahawalnagar Road, Bahawalnagar",Added: 29 months ago
PKR32 Lakh,"Sadaat Colony, Bahawalnagar",Added: 29 months ago
PKR10 Lakh,"Railway Colony, Bahawalnagar",Added: 32 months ago
PKR50 Lakh,"Police Line Road, Bahawalnagar",Added: 34 months ago
PRICE,LOCATION,UPDATE
PKR25 Lakh,"Haroonabad Bahawalnagar Road, Bahawalnagar",Added: 45 months ago
PKR25 Lakh,"Haroonabad Bahawalnagar Road, Bahawalnagar",Added: 47 months ago
PKR25 Lakh,"Haroonabad Bahawalnagar Road, Bahawalnagar",Added: 47 months ago
PKR1.2 Crore,"Others, Bahawalnagar",Added: 49 months ago
PKR2.5 Crore,"Others, Bahawalnagar",Added: 49 months ago
PKR18 Lakh,"Others, Bahawalnagar",Added: 49 months ago
PKR22 Lakh,"Others, Bahawalnagar",Added: 49 months ago
PKR1.1 Crore,"Model Town, Bahawalnagar",Added: 49 months ago
PKR1.2 Crore,"Others, Bahawalnagar",Added: 49 months ago
PKR2.5 Crore,"Others, Bahawalnagar",Added: 49 months ago
PKR25 Lakh,"Haroonabad Bahawalnagar Road, Bahawalnagar",Added: 50 months ago
PKR25 Lakh,"Haroonabad Bahawalnagar Road, Bahawalnagar",Added: 51 months ago
PKR25 Lakh,"Haroonabad Bahawalnagar Road, Bahawalnagar",Added: 52 months ago
PKR25 Lakh,"Haroonabad, Bahawalnagar",Added: 53 months ago
PKR60 Lakh,"Model Town, Bahawalnagar",Added: 87 months ago
PKR75 Lakh,"Model Town, Bahawalnagar",Added: 101 months ago
PKR60 Lakh,"Baldia Road, Bahawalnagar",Added: 11 months ago
PKR85 Lakh,"Chishtian Road, Bahawalnagar",Added: 16 months ago
PKR50 Lakh,"Chishtian Road, Bahawalnagar",Added: 22 months ago
PKR85 Lakh,"Chishtian Road, Bahawalnagar",Added: 6 months ago
PKR55 Lakh,"Chishtian Road, Bahawalnagar",Added: 6 months ago
PKR1.2 Crore,"Model Town, Bahawalnagar",Added: 7 months ago
PKR97.5 Lakh,"Chishtian Road, Bahawalnagar",Added: 10 months ago
PKR35 Lakh,"Quraish Colony, Bahawalnagar",Added: 10 months ago
PKR28 Lakh,"Manchinabad Road, Bahawalnagar",Added: 15 months ago
PRICE,LOCATION,UPDATE
PKR75 Lakh,"Others, Bahawalnagar",Added: 24 months ago
PKR2.8 Crore,"Baldia Road, Bahawalnagar",Added: 12 months ago
PKR49 Lakh,"Chishtian Road, Bahawalnagar",Added: 20 months ago
PKR1.6 Crore,"Chishtian Road, Bahawalnagar",Added: 8 months ago
PKR20 Lakh,"Farooq Abad, Bahawalnagar",Added: 9 months ago
PKR60 Lakh,"Haroonabad Bahawalnagar Road, Bahawalnagar",Added: 19 months ago
PKR35 Lakh,"Hafiz Abad, Bahawalnagar",Added: 8 months ago
PKR2.1 Crore,"Chishtian Road, Bahawalnagar",Added: 9 months ago
PKR70 Lakh,"Hafiz Abad, Bahawalnagar",Added: 11 months ago
PKR1.1 Crore,"Fort Abbas, Bahawalnagar",Added: 16 months ago
PKR60 Lakh,"Model Town, Bahawalnagar",Added: 18 months ago
PKR35 Lakh,"Qaimabad, Bahawalnagar",Added: 19 months ago
PKR82 Lakh,"Islam Nagar, Bahawalnagar",Added: 22 months ago
PKR45 Lakh,"Chishtian Road, Bahawalnagar",Added: 6 months ago
PKR45 Lakh,"Baldia Road, Bahawalnagar",Added: 6 months ago
PKR85 Lakh,"Quraish Colony, Bahawalnagar",Added: 7 months ago
PKR70 Lakh,"Circular Road, Bahawalnagar",Added: 8 months ago
PKR2.1 Crore,"Chishtian Road, Bahawalnagar",Added: 9 months ago
PKR2.1 Crore,"Chishtian Road, Bahawalnagar",Added: 9 months ago
PKR2 Crore,"Jinnah Colony, Bahawalnagar",Added: 10 months ago
PKR60 Lakh,"Chishtian Road, Bahawalnagar",Added: 11 months ago
PKR55 Lakh,"Chishtian Road, Bahawalnagar",Added: 13 months ago
PKR40 Lakh,"Arifwala Road, Bahawalnagar",Added: 15 months ago
PKR75 Lakh,"Haroonabad Bahawalnagar Road, Bahawalnagar",Added: 16 months ago
PKR1.5 Crore,"Jinnah Colony, Bahawalnagar",Added: 20 months ago
